donor_id,name,age,blood_group,contact,donation_date,notes,created_at,patient_id
1,Manish Das,33,B+,+91 905138 0730,2025-06-19,High CD34+ cell count: 7.4 x 10^6 cells/kg. Excellent candidate for AML recipient.,2026-09-10 06:15:47.847158,
2,Suresh Bhardwaj,40,A+,+91 981078 0446,2026-01-12,High CD34+ cell count: 7.4 x 10^6 cells/kg. Excellent candidate for AML recipient.,2026-09-10 06:15:47.847158,
3,Rajesh Mukherjee,49,O+,+91 939779 7081,2025-06-22,"Active voluntary donor. Weight 68kg, hemoglobin 14.8 g/dL. Ready on 48hr notice.",2026-09-10 06:15:47.847158,
4,Malini Gupta,34,O+,+91 931787 2524,2026-05-30,Repeat voluntary donor. PBSC mobilization completed with excellent tolerability.,2026-09-10 06:15:47.847158,10.0
5,Aarav Deshmukh,21,B+,+91 960535 6374,2025-06-20,Peripheral Blood Stem Cell (PBSC) registry member. Ready for apheresis collection.,2026-09-10 06:15:47.847158,28.0
6,Varun Sen,35,B+,+91 968520 3790,2025-08-16,Peripheral Blood Stem Cell (PBSC) registry member. Ready for apheresis collection.,2026-09-10 06:15:47.847158,
7,Rashmi Joshi,19,B+,+91 932022 3002,2026-02-22,"Cord blood donor unit. Total Nucleated Cell Count: 1.8 x 10^9, Sterility Neg.",2026-09-10 06:15:47.847158,
8,Kishore Gupta,40,B+,+91 943044 0430,2026-07-13,"CMV Negative, EBV Negative, Hepatitis Panel Clear. Prime candidate for pediatric graft.",2026-09-10 06:15:47.847158,
9,Sameer Das,21,B+,+91 999855 5334,2025-06-30,Bone Marrow donor volunteer. Complete health clearance from hematology panel.,2026-09-10 06:15:47.847158,52.0
10,Hemant Jain,46,A+,+91 993988 6918,2026-05-01,Bone Marrow donor volunteer. Complete health clearance from hematology panel.,2026-09-10 06:15:47.847158,
11,Archana Jain,20,A+,+91 984315 2714,2025-09-14,Cord tissue MSC donor candidate. Verified sterile collection with 98.5% post-thaw viability.,2026-09-10 06:15:47.847158,25.0
12,Pranav Malhotra,46,B+,+91 801313 6091,2026-06-30,Repeat voluntary donor. PBSC mobilization completed with excellent tolerability.,2026-09-10 06:15:47.847158,9.0
13,Vidya Banerjee,27,O+,+91 885991 3375,2026-07-28,High CD34+ cell count: 7.4 x 10^6 cells/kg. Excellent candidate for AML recipient.,2026-09-10 06:15:47.847158,
14,Ritu Singh,25,B+,+91 941155 4471,2026-07-27,Repeat voluntary donor. PBSC mobilization completed with excellent tolerability.,2026-09-10 06:15:47.847158,28.0
15,Bhavna Deshmukh,24,O+,+91 900450 4937,2025-09-12,"Cord blood donor unit. Total Nucleated Cell Count: 1.8 x 10^9, Sterility Neg.",2026-09-10 06:15:47.847158,99.0
16,Suraj Iyer,48,O+,+91 995825 4774,2025-10-31,"HLA-A*02:01, B*44:02, C*05:01, DRB1*04:01 verified. 10/10 High Resolution Match.",2026-09-10 06:15:47.847158,28.0
17,Rohan Patel,41,B+,+91 910096 0901,2026-04-16,"CMV Negative, EBV Negative, Hepatitis Panel Clear. Prime candidate for pediatric graft.",2026-09-10 06:15:47.847158,
18,Ravi Kulkarni,49,O+,+91 988739 6878,2025-07-19,"Cord blood donor unit. Total Nucleated Cell Count: 1.8 x 10^9, Sterility Neg.",2026-09-10 06:15:47.847158,94.0
19,Aditya Reddy,42,B+,+91 808377 7597,2026-08-02,"CMV Negative, EBV Negative, Hepatitis Panel Clear. Prime candidate for pediatric graft.",2026-09-10 06:15:47.847158,50.0
20,Pallavi Yadav,23,O+,+91 879518 2320,2025-10-13,Bone Marrow donor volunteer. Complete health clearance from hematology panel.,2026-09-10 06:15:47.847158,
21,Anand Kapoor,19,O+,+91 975054 6555,2025-11-07,Young healthy donor. 9/10 HLA match recorded. Fully screened for infectious disease markers.,2026-09-10 06:15:47.847158,
22,Rajesh Bhatt,21,O+,+91 934256 5154,2025-07-22,Bone Marrow donor volunteer. Complete health clearance from hematology panel.,2026-09-10 06:15:47.847158,
23,Shruti Yadav,33,A+,+91 801526 3310,2026-08-18,Young healthy donor. 9/10 HLA match recorded. Fully screened for infectious disease markers.,2026-09-10 06:15:47.847158,93.0
24,Kishore Joshi,31,AB+,+91 805381 9909,2026-08-03,Repeat voluntary donor. PBSC mobilization completed with excellent tolerability.,2026-09-10 06:15:47.847158,94.0
25,Kishore Saxena,41,O+,+91 948675 9792,2026-06-13,High CD34+ cell count: 7.4 x 10^6 cells/kg. Excellent candidate for AML recipient.,2026-09-10 06:15:47.847158,
26,Tushar Saxena,26,AB+,+91 882360 7250,2026-06-10,Bone Marrow donor volunteer. Complete health clearance from hematology panel.,2026-09-10 06:15:47.847158,47.0
27,Shruti Reddy,23,A+,+91 916281 7664,2026-01-25,High CD34+ cell count: 7.4 x 10^6 cells/kg. Excellent candidate for AML recipient.,2026-09-10 06:15:47.847158,
28,Akash Mehta,48,B+,+91 874645 3976,2025-07-20,Young healthy donor. 9/10 HLA match recorded. Fully screened for infectious disease markers.,2026-09-10 06:15:47.847158,
29,Sunil Agarwal,34,A+,+91 800504 0572,2026-02-12,"CMV Negative, EBV Negative, Hepatitis Panel Clear. Prime candidate for pediatric graft.",2026-09-10 06:15:47.847158,
30,Archana Saxena,34,O+,+91 976868 7758,2026-03-14,"Cord blood donor unit. Total Nucleated Cell Count: 1.8 x 10^9, Sterility Neg.",2026-09-10 06:15:47.847158,
31,Akash Mukherjee,43,A+,+91 980016 5047,2025-08-01,Cord tissue MSC donor candidate. Verified sterile collection with 98.5% post-thaw viability.,2026-09-10 06:15:47.847158,95.0
32,Suresh Menon,43,A+,+91 934668 3423,2026-07-07,"CMV Negative, EBV Negative, Hepatitis Panel Clear. Prime candidate for pediatric graft.",2026-09-10 06:15:47.847158,29.0
33,Bhavna Gupta,31,O+,+91 908263 3014,2026-06-17,High CD34+ cell count: 7.4 x 10^6 cells/kg. Excellent candidate for AML recipient.,2026-09-10 06:15:47.847158,
34,Deepak Dubey,43,B+,+91 878703 2253,2026-05-10,High CD34+ cell count: 7.4 x 10^6 cells/kg. Excellent candidate for AML recipient.,2026-09-10 06:15:47.847158,11.0
35,Archana Banerjee,25,B+,+91 901487 0430,2025-11-10,"CMV Negative, EBV Negative, Hepatitis Panel Clear. Prime candidate for pediatric graft.",2026-09-10 06:15:47.847158,
36,Nikhil Rao,29,B-,+91 905312 1480,2026-05-16,Cord tissue MSC donor candidate. Verified sterile collection with 98.5% post-thaw viability.,2026-09-10 06:15:47.847158,
37,Deepak Nair,28,O+,+91 965177 5315,2026-04-15,Cord tissue MSC donor candidate. Verified sterile collection with 98.5% post-thaw viability.,2026-09-10 06:15:47.847666,98.0
38,Deepa Yadav,41,A+,+91 900308 0004,2026-01-02,"Cord blood donor unit. Total Nucleated Cell Count: 1.8 x 10^9, Sterility Neg.",2026-09-10 06:15:47.847666,28.0
39,Nandini Bhatia,34,B-,+91 705225 5005,2026-07-07,Cord tissue MSC donor candidate. Verified sterile collection with 98.5% post-thaw viability.,2026-09-10 06:15:47.847666,
40,Ashok Bhatia,31,B+,+91 936387 7229,2025-06-28,Young healthy donor. 9/10 HLA match recorded. Fully screened for infectious disease markers.,2026-09-10 06:15:47.847666,98.0
41,Deepa Verma,44,B+,+91 884520 6282,2025-11-13,"CMV Negative, EBV Negative, Hepatitis Panel Clear. Prime candidate for pediatric graft.",2026-09-10 06:15:47.847666,76.0
42,Suresh Kulkarni,20,B+,+91 806779 6791,2025-07-20,Cord tissue MSC donor candidate. Verified sterile collection with 98.5% post-thaw viability.,2026-09-10 06:15:47.847666,61.0
43,Preeti Bhatia,32,A+,+91 988271 6653,2026-06-24,Young healthy donor. 9/10 HLA match recorded. Fully screened for infectious disease markers.,2026-09-10 06:15:47.847666,39.0
44,Vidya Yadav,39,B+,+91 947585 8948,2025-12-28,"HLA-A*02:01, B*44:02, C*05:01, DRB1*04:01 verified. 10/10 High Resolution Match.",2026-09-10 06:15:47.847666,
45,Anand Pandey,44,A+,+91 874927 8277,2026-06-29,"CMV Negative, EBV Negative, Hepatitis Panel Clear. Prime candidate for pediatric graft.",2026-09-10 06:15:47.847666,
46,Dev Thakur,41,B+,+91 935856 0185,2026-02-28,"HLA-A*02:01, B*44:02, C*05:01, DRB1*04:01 verified. 10/10 High Resolution Match.",2026-09-10 06:15:47.847666,89.0
47,Pallavi Shukla,29,A+,+91 701812 3334,2026-06-05,"Active voluntary donor. Weight 68kg, hemoglobin 14.8 g/dL. Ready on 48hr notice.",2026-09-10 06:15:47.847666,21.0
48,Divya Verma,29,O+,+91 700858 4610,2026-05-10,"Cord blood donor unit. Total Nucleated Cell Count: 1.8 x 10^9, Sterility Neg.",2026-09-10 06:15:47.847666,48.0
49,Vivek Menon,23,B+,+91 889200 4049,2025-11-30,"CMV Negative, EBV Negative, Hepatitis Panel Clear. Prime candidate for pediatric graft.",2026-09-10 06:15:47.847666,
50,Sanjay Singh,37,B+,+91 918698 9170,2025-06-27,"HLA-A*02:01, B*44:02, C*05:01, DRB1*04:01 verified. 10/10 High Resolution Match.",2026-09-10 06:15:47.847666,
51,Anita Rao,33,A+,+91 964098 6075,2026-08-05,Bone Marrow donor volunteer. Complete health clearance from hematology panel.,2026-09-10 06:15:47.847666,3.0
52,Akash Gupta,41,O+,+91 918213 5005,2025-11-30,Bone Marrow donor volunteer. Complete health clearance from hematology panel.,2026-09-10 06:15:47.847666,21.0
53,Sunita Gowda,33,A+,+91 909897 5914,2026-07-10,"Active voluntary donor. Weight 68kg, hemoglobin 14.8 g/dL. Ready on 48hr notice.",2026-09-10 06:15:47.847666,12.0
54,Bhavna Kulkarni,33,A+,+91 885955 6811,2025-09-04,"Cord blood donor unit. Total Nucleated Cell Count: 1.8 x 10^9, Sterility Neg.",2026-09-10 06:15:47.847666,
55,Ravi Chopra,32,O+,+91 962972 8134,2026-01-26,High CD34+ cell count: 7.4 x 10^6 cells/kg. Excellent candidate for AML recipient.,2026-09-10 06:15:47.847666,
56,Abhishek Dubey,39,B+,+91 961847 4479,2025-06-24,Bone Marrow donor volunteer. Complete health clearance from hematology panel.,2026-09-10 06:15:47.847666,
57,Ramesh Shukla,27,A+,+91 938787 3471,2026-01-13,"Active voluntary donor. Weight 68kg, hemoglobin 14.8 g/dL. Ready on 48hr notice.",2026-09-10 06:15:47.847666,
58,Sita Thakur,31,A+,+91 949848 4346,2026-08-15,Repeat voluntary donor. PBSC mobilization completed with excellent tolerability.,2026-09-10 06:15:47.847666,
59,Girish Malhotra,48,B+,+91 972845 9782,2026-06-01,Cord tissue MSC donor candidate. Verified sterile collection with 98.5% post-thaw viability.,2026-09-10 06:15:47.847666,
60,Sunita Jain,24,A+,+91 984701 9505,2025-06-20,Cord tissue MSC donor candidate. Verified sterile collection with 98.5% post-thaw viability.,2026-09-10 06:15:47.847666,
61,Nikhil Gupta,23,B+,+91 988960 0453,2025-06-30,High CD34+ cell count: 7.4 x 10^6 cells/kg. Excellent candidate for AML recipient.,2026-09-10 06:15:47.847666,96.0
62,Komal Patil,20,A+,+91 880664 6839,2025-08-03,Cord tissue MSC donor candidate. Verified sterile collection with 98.5% post-thaw viability.,2026-09-10 06:15:47.847666,45.0
63,Komal Kulkarni,35,O+,+91 708968 9044,2025-08-08,Cord tissue MSC donor candidate. Verified sterile collection with 98.5% post-thaw viability.,2026-09-10 06:15:47.847666,39.0
64,Aarti Kapoor,31,A-,+91 802801 7290,2025-09-22,High CD34+ cell count: 7.4 x 10^6 cells/kg. Excellent candidate for AML recipient.,2026-09-10 06:15:47.847666,
65,Akash Thakur,34,B-,+91 982598 8873,2025-11-21,High CD34+ cell count: 7.4 x 10^6 cells/kg. Excellent candidate for AML recipient.,2026-09-10 06:15:47.847666,52.0
66,Vivek Menon,26,A+,+91 870228 0158,2025-12-09,"Cord blood donor unit. Total Nucleated Cell Count: 1.8 x 10^9, Sterility Neg.",2026-09-10 06:15:47.847666,54.0
67,Shreya Patil,35,A-,+91 988900 2078,2026-03-12,Bone Marrow donor volunteer. Complete health clearance from hematology panel.,2026-09-10 06:15:47.847666,75.0
68,Usha Joshi,28,A+,+91 807317 4312,2026-03-11,Repeat voluntary donor. PBSC mobilization completed with excellent tolerability.,2026-09-10 06:15:47.847666,91.0
69,Mohan Dubey,24,AB-,+91 984339 3971,2025-12-05,"Active voluntary donor. Weight 68kg, hemoglobin 14.8 g/dL. Ready on 48hr notice.",2026-09-10 06:15:47.847666,
70,Manoj Mehta,33,O-,+91 945701 8122,2026-04-11,Young healthy donor. 9/10 HLA match recorded. Fully screened for infectious disease markers.,2026-09-10 06:15:47.847666,37.0
71,Vinay Rao,22,O+,+91 878843 5029,2026-06-04,"Cord blood donor unit. Total Nucleated Cell Count: 1.8 x 10^9, Sterility Neg.",2026-09-10 06:15:47.847666,81.0
72,Ananya Jain,43,O+,+91 994885 2046,2026-01-02,"HLA-A*02:01, B*44:02, C*05:01, DRB1*04:01 verified. 10/10 High Resolution Match.",2026-09-10 06:15:47.847666,
73,Karthik Agarwal,38,A+,+91 888428 7733,2025-09-24,"CMV Negative, EBV Negative, Hepatitis Panel Clear. Prime candidate for pediatric graft.",2026-09-10 06:15:47.847666,68.0
74,Kavita Gupta,29,A+,+91 932975 7267,2025-11-20,"Active voluntary donor. Weight 68kg, hemoglobin 14.8 g/dL. Ready on 48hr notice.",2026-09-10 06:15:47.847666,
75,Vidya Kulkarni,35,A+,+91 701630 4414,2025-07-13,Repeat voluntary donor. PBSC mobilization completed with excellent tolerability.,2026-09-10 06:15:47.847666,62.0
76,Tanvi Mishra,32,O+,+91 703893 2839,2026-08-22,"CMV Negative, EBV Negative, Hepatitis Panel Clear. Prime candidate for pediatric graft.",2026-09-10 06:15:47.847666,
77,Vinay Iyer,19,B+,+91 903448 9836,2026-05-10,"Cord blood donor unit. Total Nucleated Cell Count: 1.8 x 10^9, Sterility Neg.",2026-09-10 06:15:47.847666,
78,Ashok Bose,42,B+,+91 877815 2911,2025-07-16,"Active voluntary donor. Weight 68kg, hemoglobin 14.8 g/dL. Ready on 48hr notice.",2026-09-10 06:15:47.847666,87.0
79,Kavita Agarwal,24,B+,+91 907097 9297,2026-04-26,Cord tissue MSC donor candidate. Verified sterile collection with 98.5% post-thaw viability.,2026-09-10 06:15:47.847666,
80,Manoj Malhotra,34,B+,+91 901501 5208,2025-09-08,Bone Marrow donor volunteer. Complete health clearance from hematology panel.,2026-09-10 06:15:47.847666,80.0
81,Mohan Kapoor,25,O+,+91 981837 8212,2025-08-06,Repeat voluntary donor. PBSC mobilization completed with excellent tolerability.,2026-09-10 06:15:47.847666,
82,Rekha Malhotra,38,O+,+91 907175 6978,2025-08-20,"HLA-A*02:01, B*44:02, C*05:01, DRB1*04:01 verified. 10/10 High Resolution Match.",2026-09-10 06:15:47.847666,
83,Vikram Mishra,49,B+,+91 989075 2416,2026-01-29,Bone Marrow donor volunteer. Complete health clearance from hematology panel.,2026-09-10 06:15:47.847666,
84,Naveen Bhardwaj,39,B+,+91 941596 1811,2026-03-12,"CMV Negative, EBV Negative, Hepatitis Panel Clear. Prime candidate for pediatric graft.",2026-09-10 06:15:47.847666,54.0
85,Aditya Shukla,43,B+,+91 935535 7834,2026-08-13,Bone Marrow donor volunteer. Complete health clearance from hematology panel.,2026-09-10 06:15:47.847666,
86,Pranav Saxena,22,B+,+91 883735 9113,2026-04-02,Repeat voluntary donor. PBSC mobilization completed with excellent tolerability.,2026-09-10 06:15:47.847666,
87,Tushar Joshi,20,AB-,+91 940108 0763,2025-10-15,"Cord blood donor unit. Total Nucleated Cell Count: 1.8 x 10^9, Sterility Neg.",2026-09-10 06:15:47.847666,
88,Shreya Sen,37,O+,+91 881300 9307,2026-08-05,Bone Marrow donor volunteer. Complete health clearance from hematology panel.,2026-09-10 06:15:47.847666,
89,Sarita Deshmukh,32,O-,+91 808507 3727,2025-10-10,Bone Marrow donor volunteer. Complete health clearance from hematology panel.,2026-09-10 06:15:47.847666,
90,Suraj Bhatt,31,A+,+91 994673 6314,2026-01-26,Repeat voluntary donor. PBSC mobilization completed with excellent tolerability.,2026-09-10 06:15:47.847666,
91,Sanjay Nair,40,AB+,+91 872358 7654,2026-07-05,"CMV Negative, EBV Negative, Hepatitis Panel Clear. Prime candidate for pediatric graft.",2026-09-10 06:15:47.847666,32.0
92,Deepa Sharma,22,O+,+91 911067 8001,2025-09-16,Peripheral Blood Stem Cell (PBSC) registry member. Ready for apheresis collection.,2026-09-10 06:15:47.847666,60.0
93,Aparna Joshi,28,A+,+91 971093 0697,2025-07-24,Young healthy donor. 9/10 HLA match recorded. Fully screened for infectious disease markers.,2026-09-10 06:15:47.847666,
94,Payal Bhatia,20,AB+,+91 919197 3563,2025-12-26,Repeat voluntary donor. PBSC mobilization completed with excellent tolerability.,2026-09-10 06:15:47.847666,77.0
95,Priya Shukla,21,B+,+91 709999 4436,2025-08-29,"HLA-A*02:01, B*44:02, C*05:01, DRB1*04:01 verified. 10/10 High Resolution Match.",2026-09-10 06:15:47.847666,50.0
96,Divya Deshmukh,30,O+,+91 907756 3068,2026-08-13,"CMV Negative, EBV Negative, Hepatitis Panel Clear. Prime candidate for pediatric graft.",2026-09-10 06:15:47.847666,
97,Abhishek Reddy,46,A+,+91 996191 4466,2026-04-05,Young healthy donor. 9/10 HLA match recorded. Fully screened for infectious disease markers.,2026-09-10 06:15:47.847666,
98,Kishore Dubey,20,AB+,+91 948033 2787,2025-10-14,Bone Marrow donor volunteer. Complete health clearance from hematology panel.,2026-09-10 06:15:47.847666,
99,Aparna Malhotra,38,O-,+91 886552 1414,2026-05-16,"Active voluntary donor. Weight 68kg, hemoglobin 14.8 g/dL. Ready on 48hr notice.",2026-09-10 06:15:47.847666,
100,Ananya Deshmukh,32,A+,+91 933009 2660,2026-05-30,Bone Marrow donor volunteer. Complete health clearance from hematology panel.,2026-09-10 06:15:47.847666,
